lat,lon,degree
24.010104000061535,-104.69243699957894,3
24.01161299974311,-104.72722199969353,3
24.02044100005236,-104.51970799980558,3
24.033044000153208,-104.63902300030864,4
24.03548000008502,-104.6573950004447,4
24.08491000001864,-98.87376200040134,3
24.094264999961386,-104.5761220002223,3
24.094779999918767,-104.57435700023352,3
24.09485800023975,-104.57607299981848,3
24.095033000356036,-104.57610399978064,3
24.09616499980454,-104.57614800016158,3
24.107857000376782,-110.31119300037258,3
24.11329499974243,-98.79834900003478,3
24.11614399970802,-110.3446439995953,3
24.833380000307297,-103.68683299975572,3
24.836062999687236,-103.68906899992268,3
24.839270999657376,-99.5607259997428,3
24.842362000135473,-103.69038100017492,3
24.86273000028588,-103.69899799970632,3
24.863221999714945,-103.69867499966612,3
24.869493999891876,-99.57616999960076,3
24.882247999711687,-103.69956199977092,3
24.90354199976369,-103.70355500042903,3
25.057429000235494,-111.68473099996643,3
25.125975000162644,-99.8113740003864,3
25.192136999919875,-99.88540600000546,3
25.273920999986437,-100.01688599956078,3
25.335187999919142,-100.07303200018892,3
25.42726600017393,-100.9696590004449,4
25.434350000029497,-100.80456899986156,3
25.437643999709035,-100.81362099958612,3
25.43826999972034,-100.97363600031122,3
25.43865500036516,-100.82436500040284,3
25.447193999999023,-100.98960099967776,3
25.466046000224186,-100.98048500037908,4
25.488150999769356,-108.24083600037518,3
25.527326999827633,-103.21654499963162,3
25.529670000088657,-103.22613000035696,3
25.53021000012644,-108.38672200007096,3
25.535060999941503,-103.37571300043486,3
25.535845000318396,-103.24964299957524,3
25.536789999989292,-100.94660200043792,3
25.537904000141403,-103.53498400027196,3
25.53801600028559,-103.22389099981696,3
25.55162899998158,-103.4857829999712,3
25.55359099983857,-108.42507200032315,3
25.554267999951524,-103.5071870001424,3
25.585651999617056,-103.40972900044542,4
25.62235600014409,-103.51530800027956,3
25.625566000352197,-102.87784800028928,3
25.62572700018976,-102.87374199965323,3
25.63107500009849,-102.8693120000504,3
25.642586000003465,-102.03077600033636,3
25.654524000342377,-100.06965700002206,3
25.67198799976065,-102.45085899987902,3
25.6928440000751,-100.1652329995544,3
25.698693999697355,-100.56062200004614,3
25.69875600028062,-100.5672440003333,3
25.748099999859605,-100.1621839998008,3
25.759763999719578,-102.97894399991884,3
25.77718300009892,-100.18409299958712,3
25.783315000315564,-100.16529600020192,4
25.78871999975628,-80.20355900010534,4
25.79201800031729,-101.11297500006287,3
25.81241100013674,-80.20591099972495,4
25.825036000045685,-100.30024399981052,4
25.83153200019923,-100.2572329999768,4
25.86612300034263,-103.61241199997424,3
25.86895999965788,-103.6137960001965,3
25.8711719997883,-100.22951200001523,3
25.99328400007485,-97.74428299987758,3
26.005196000396666,-98.16627900044534,3
26.081939000141535,-80.16858099964689,4
26.112101999768157,-98.32985299966364,3
26.120378999874916,-80.34473700036393,3
26.44906399989733,-99.15405400028072,3
26.702872000392023,-101.39061900004664,3
26.76340200033641,-105.58788100035244,3
26.88741300028618,-99.81817800024844,4
26.90451199981568,-104.55535900010858,3
26.93391299962447,-105.63761599968228,3
27.098463999671623,-109.4472270002172,3
27.134745000213847,-99.6873589999438,3
27.143380999980582,-104.92667600044196,3
27.302951000326765,-99.59751100002278,3
27.30315399984859,-99.59740499971758,3
27.320932000030787,-109.7208189999916,3
27.425699000358055,-99.53180499968198,3
27.49487400019759,-99.5161690002034,3
27.498823999662367,-99.50746499973508,3
27.517803999708583,-99.56210199956912,3
27.5831740001168,-82.51444500009362,3
27.68311299995886,-105.16394499989374,3
27.69624299963226,-105.17707499976692,3
27.766960999927377,-82.65788100026049,3
27.777156999816935,-82.659211999881,3
27.865075999755263,-97.62262400015084,3
27.889707999823894,-101.15107800044292,3
27.902224000065463,-101.16722699993248,3
27.90225799972402,-101.14619799967996,3
27.93269200005692,-101.19927700011282,3
27.95129899991489,-110.74667399974244,3
27.964426999618514,-82.45245299985338,3
28.00197199992651,-82.32684200037471,4
28.034462999994783,-110.93677499956917,3
28.041993000392623,-110.9399740000089,3
28.048923999626265,-110.94292800022626,3
28.166530999742974,-82.39483900023575,3
28.184888000049888,-105.4515720000878,3
28.191190999902464,-105.45946999974387,3
28.289543999640813,-105.49410599989557,3
28.314031000371543,-100.9062450003476,3
28.32149999983513,-100.88909199967902,3
28.359777999867653,-106.26336500018174,3
28.405465999889405,-100.88482899958248,3
28.43561100013554,-100.76328200000872,3
28.58635199993576,-105.9601259999002,3
28.591684999859353,-105.9614630002668,3
28.597614999649156,-105.96312100012548,3
28.602267999670204,-105.99218000027852,3
28.620591000117525,-106.02820099957904,3
28.646373000285305,-100.55637300019328,4
28.65720999977541,-106.0567800002314,3
28.704919000174236,-100.5133370002452,3
28.715579999812014,-100.56154599996086,3
28.724154000362617,-106.14411999999888,3
28.763465000173433,-106.16951899957974,3
28.82619599977298,-105.92027599997309,3
28.850224999702984,-105.87461800006866,3
28.86280399997807,-106.22432199999346,3
29.014539999929113,-106.32075399966848,3
29.03354100015092,-110.942902000287,3
29.04125500000687,-110.93759899992476,3
29.147201000154073,-105.491052999944,3
29.15530199976318,-81.0754849998411,4
29.15894700003985,-110.90947100025744,3
29.316775000209283,-98.60841499971436,4
29.3262660001862,-100.93287400016492,3
29.32936800004827,-98.41586400035874,4
29.395054999775876,-98.47819399980948,4
29.396147999636742,-98.51121800013328,3
29.400885000111412,-106.41717299982302,3
29.42876400016563,-98.5008080001257,3
29.435805999747217,-98.39005599962566,4
29.438869999677795,-98.47827599982524,3
29.473106999834148,-98.40535100041905,3
29.477202000026782,-106.40327800004376,3
29.501406000072908,-98.54898699970414,4
29.52162799990889,-98.39461199962516,4
29.52648100002034,-98.3931830000954,3
29.69722799993134,-95.2887759996918,4
29.77059300013634,-95.36546100012764,4
29.775613000389704,-95.2640280002142,4
29.78066500037953,-95.45393499987216,4
29.808314000231434,-95.3361140000945,3
29.81407099986104,-95.37553700022436,4
29.94041700011613,-106.94916500030726,3
29.966742999674032,-107.0629740000585,3
29.99208199976803,-90.0491829999074,3
29.996071999836666,-90.12543099960192,3
30.00778600021007,-90.29856399960632,3
30.059885000293328,-89.93924499971726,4
30.085166999897545,-90.43038899984148,3
30.166576000211688,-81.55467599972684,4
30.180117999969493,-107.62599599965056,3
30.22541200000041,-93.30740499962496,3
30.245308999991934,-93.15640999973571,3
30.259412000314203,-92.01567199963276,3
30.266589999884637,-82.75416599962242,4
30.30585999972735,-89.74026899971798,4
30.315114000041223,-81.76909599958407,4
30.321477999864776,-81.68130399990497,3
30.391792000118446,-115.86967299961266,3
30.41967599988125,-91.12136099990964,3
30.43906799977234,-91.1822350000664,3
30.453264000338,-88.89608700040831,4
30.45938500024461,-81.64935800038,4
30.46313599999169,-115.91160700026911,3
30.478885999760475,-90.48892200024927,4
30.50338300022549,-87.22998900015402,3
30.54382199989277,-111.11370200004004,3
30.618801999735123,-110.99508299984606,3
30.62764300024464,-88.1169400003464,3
30.753269000114763,-88.09469299955298,3
30.782970999905626,-110.8528939996341,3
30.889535999926487,-108.188541000115,3
31.088393999840523,-104.05691400000484,3
31.312739000145736,-106.48953400006296,3
31.31340000024449,-109.58148600008772,3
31.340547000047323,-106.47097000030624,3
31.342106000287018,-106.4775349997937,3
31.371253999695547,-106.4672350002893,3
31.43588299983196,-115.05101700010546,3
31.450564000069864,-106.46669700016398,3
31.606901000229488,-106.45193100017345,4
31.608864000166285,-106.68456599980787,4
31.65083999999976,-106.34321800019688,3
31.67119199985023,-106.33921299984318,4
31.777499000118716,-106.44240999992049,3
31.85595299968373,-116.60590400027542,3
31.865941999889316,-112.84611500000726,3
31.89906899980597,-116.70570500026948,3
31.90380599978455,-116.72855100038927,3
32.05500700021034,-97.09332999979094,3
32.070634999888014,-81.13516800011944,4
32.07409699988407,-81.24587000039075,4
32.19578699966713,-110.9779920000001,3
32.25877700030653,-106.73107099963411,3
32.27507599983831,-90.20572200018329,3
32.27623099965761,-90.17725100038427,3
32.28928000024071,-90.2494779998316,3
32.344216000317125,-88.76668999996075,3
32.36665600013336,-86.32214799962631,3
32.412882999804985,-90.14828699976748,3
32.46791400012555,-117.017540000166,3
32.468154999628396,-117.01740299989864,3
32.48343399981131,-114.78119499960978,3
32.496625999955526,-93.75955800033776,3
32.526530999641984,-116.69159600022996,4
32.5281350001794,-117.01494999999667,3
32.53518900002383,-116.94879000009443,3
32.53917800007596,-93.63161100023471,3
32.542378000353686,-116.8561340004443,3
32.54647400016674,-117.03575800031626,3
32.55130299972349,-116.62278199968604,3
32.55642799986874,-115.29363699960004,3
32.57362299963069,-116.62713900039223,3
32.64219199987085,-96.8232839998876,4
32.66176300021664,-96.72656599998233,4
32.666213000346325,-97.24100200029018,3
32.66696699963427,-97.3205580002044,4
32.686540000329934,-97.46421199993117,3
32.69912099986402,-96.62759799966636,3
32.721231999859974,-97.56993300005551,3
32.73820800036465,-97.48133899976214,4
32.74663399998161,-97.31952600033463,4
32.75491100026972,-83.7100550002073,3
32.75907000021444,-117.20364099966189,4
32.75980200014651,-97.21410099958798,4
32.76879799976275,-96.80538399975464,4
32.77172399985048,-117.13160599983516,4
32.77851399986878,-117.112176999715,4
32.77887200009538,-96.78204700026347,4
32.819235000016484,-111.68351999999656,3
32.823127000049325,-96.6297190002056,4
32.83961700016174,-97.3126870003125,4
32.85676799962345,-83.64003999973919,3
32.88315699988358,-80.01976900022119,4
32.90472999987451,-117.22389300031274,4
32.9079269999352,-96.89775999992068,4
32.910226999734405,-117.2273620001909,3
32.95997099965772,-83.813850999611,3
33.065767000193325,-84.93848500043025,3
33.17007699990041,-87.55283199955957,4
33.19987800026824,-87.56671899984123,3
33.211921999878754,-97.16666099997634,3
33.31828599998582,-80.54792000038326,4
33.3428129997688,-87.02750900011648,3
33.39358399997815,-86.7848960002946,4
33.42787300032772,-112.03641599979008,3
33.46164899971528,-112.1082270002091,4
33.493086000180895,-82.08426899983749,3
33.5215509997638,-86.82646600000467,4
33.54039400034931,-84.26566700003991,3
33.54213099993132,-117.1757830003313,3
33.54412000034538,-86.75414199957466,3
33.544553999698465,-86.64301000003135,4
33.568934000166166,-81.92073999992672,3
33.59861299983101,-86.65479000001748,3
33.605744999985674,-84.48562600026092,3
33.615915999748715,-84.48608599967014,4
33.62009799985716,-84.4621459997563,4
33.62063099983294,-84.4869340003152,3
33.632907000224506,-84.40078500042614,4
33.64524500023181,-117.73532900037247,3
33.67398499974804,-84.32611000020145,3
33.68899499987638,-84.40009499996485,3
33.71465100019766,-84.24119599967344,4
33.74487200011174,-84.38997200001245,4
33.76454800034526,-84.4928400002018,4
33.784049999796274,-118.09135099991252,4
33.79017000023069,-84.39080999971344,3
33.82646700024736,-118.20743799966353,4
33.856945999701466,-118.28456999998812,4
33.89024600034978,-84.46066600017289,4
33.891703999746674,-84.25924499976928,4
33.912616999769845,-118.17996699994724,4
33.91392999974493,-118.1046749999545,3
33.92849900000333,-118.28056700018256,4
33.92969099994332,-81.07245299980592,3
33.92991400032012,-118.36825199973153,4
33.94115300015241,-118.09649699991591,4
33.99649100001256,-84.5594210000535,3
34.006835000233984,-86.07926899966564,3
34.01633800005623,-118.17254799996697,4
34.030039000335826,-81.10356700037597,3
34.031214000185685,-118.4333649996954,4
34.03461399964958,-118.22003600015748,3
34.036704000027115,-81.11068800043041,4
34.038055999812464,-118.27390399988752,3
34.04330100012048,-84.03111699973056,3
34.055149999848126,-118.21404200040736,4
34.061130000030474,-118.16501600000876,4
34.064095000237316,-117.29638599989882,4
34.06498599965902,-118.00002900025588,4
34.06514199996462,-117.80640599994928,3
34.06735599964205,-117.54471800000954,4
34.06772500004112,-80.92212699956329,4
34.12061100014884,-117.8353589997971,3
34.12061100014884,-117.82595800009308,4
34.134107000280395,-117.9571690000349,4
34.15201000013014,-118.15605799999554,3
34.19309200010296,-79.84391700017608,3
34.22528000022438,-117.40968599983704,3
34.29162099985037,-118.46797999993068,4
34.296200000293105,-118.4725300000824,3
34.316576000237056,-118.4905740001554,4
34.31856999972517,-77.87182399978961,4
34.320315999778614,-118.49485700034344,3
34.51339999963502,-81.87031799961031,3
34.593127000181624,-79.11119200009973,4
34.62775399996954,-86.90135299994147,3
34.66174200002317,-92.40246899980912,3
34.70746100001843,-92.27104699998011,4
34.708131999786005,-92.27802599974434,3
34.71320399985401,-92.27044299973257,3
34.733014000018976,-92.2621059996853,3
34.74850099992843,-92.3914350003608,3
34.755896000329216,-82.28551799981364,3
34.778326000075104,-92.25406200043936,3
34.78149099976822,-92.16146600016532,3
34.7897730002507,-82.43900999998574,4
34.821284000093094,-92.33967700040104,3
34.83301099989825,-82.29685900030692,4
34.8612459996887,-89.99097599991283,3
34.885769999908625,-117.01376999998892,3
34.96354000000902,-85.4548990002639,3
34.97099399972303,-85.44411799963727,3
34.97508299975397,-85.4554559997575,3
34.9780500001484,-82.01189900027504,4
35.005313000116104,-85.20856399994555,3
35.02962799997756,-85.32213699969523,3
35.03222099985085,-85.31875400003078,4
35.07220799983531,-90.02568099966147,3
35.072936999765034,-90.02798899979847,3
35.1051719998311,-106.62935300021364,4
35.12554199966641,-80.91722499995736,4
35.15080299968865,-90.02212499974468,3
35.15248200022964,-89.88357500018851,3
35.155935000119925,-90.15194700033967,3
35.17103500001806,-90.19331500038338,3
35.17159199986391,-111.66219000034349,4
35.19295699966554,-101.837074000387,3
35.22438500030367,-80.8655309995717,3
35.24449599985374,-80.8464449995832,3
35.24895199966516,-80.96863499976259,4
35.272571999930754,-80.84670700042233,4
35.34833799992993,-80.73326199982085,3
35.36368399990717,-80.84186400036764,4
35.3896800002427,-78.51802599988308,4
35.39169400017881,-97.49495900008009,4
35.39609700004586,-97.5743330004194,3
35.39675499968822,-106.44523500026642,3
35.4015190001756,-97.28550000027832,3
35.45535699999853,-94.32085500012404,3
35.45901400029508,-97.49133700004104,3
35.46010999969357,-97.57513000011257,4
35.46219299982458,-97.4882299996628,3
35.462256000070774,-97.49295700026484,4
35.466550999982765,-97.4672640000578,3
35.4832329998096,-94.24199200014586,3
35.52945899983267,-97.51397599957328,4
35.54185099975839,-97.45874500043573,3
35.55447899982354,-82.61159099962107,4
35.56469299999012,-82.49898899964177,3
35.60016100035696,-97.4291969996628,3
35.734332999678,-78.01147999973368,3
35.754892999701795,-78.5990670003019,3
35.766377000172525,-78.735717999975,3
35.80975100010546,-80.86104099969442,4
35.87023599982037,-84.25248799976292,3
35.87267599974358,-78.83078999971718,3
35.911227999782014,-84.12183199966488,3
35.92888499967247,-79.92446200030236,4
35.956313000243284,-83.97204000024793,3
35.967970999731406,-83.92984000035104,3
36.000200000212686,-83.95831399962475,4
36.002689999934546,-79.82740100026538,3
36.005731000271055,-79.85035899963987,3
36.01345600006935,-83.85917899980254,3
36.03348099996115,-115.01406799979392,3
36.04030800026705,-94.18956899983914,3
36.05952699972122,-79.68603200021107,4
36.06064899987854,-79.13334299973535,3
36.06382100000043,-115.18057799968622,4
36.0649920000121,-80.18686099972146,3
36.06571399965694,-79.91928500033681,4
36.06716400016227,-83.38820600013835,3
36.088592999713946,-96.03946700002336,3
36.11596599970986,-86.77316399998905,4
36.12666100024654,-86.72830399960266,3
36.14062399968915,-86.73195400012912,3
36.143919999712864,-96.00442099979286,3
36.14827199987484,-86.77802399976218,4
36.148573999648406,-86.78134100020272,3
36.15392400024448,-86.75817500041576,3
36.15561700001748,-86.82792200019695,3
36.159065000319494,-95.98008300039406,3
36.161552999980216,-95.82636000024328,3
36.171811999681665,-86.79955199978197,3
36.17435100010667,-115.1546950004067,4
36.194661999797205,-86.77550700028614,3
36.21651999993173,-89.74899900012561,4
36.22031699976994,-86.77413700030758,3
36.453951999778035,-82.52282800017159,4
36.493966999990214,-80.74143900003449,3
36.62566800028324,-82.17755399984961,3
36.7631730002184,-76.26810299974001,4
36.782112000231535,-76.39341899966591,3
36.78627700024652,-76.40256300035031,3
36.79114900025961,-76.3934889999861,3
36.838215000164794,-76.28702200022225,3
36.841614000206654,-76.28602100031463,3
36.84440800033527,-76.19658699977211,4
36.87361999995441,-89.53324799974956,4
36.91815000018124,-76.26921099977775,3
36.94803100008862,-80.9207340000185,3
36.95885999995064,-81.06052700022994,3
37.03299700024012,-76.38301000038157,3
37.06130299974627,-94.42711199982564,3
37.07126500022867,-88.08498700025042,3
37.16373000024173,-77.34979699997234,3
37.21908000021168,-77.38997099976457,3
37.3173020003311,-121.94026800040145,3
37.34063300021322,-79.99773800023614,3
37.52097699992261,-77.27113800020867,4
37.548735000241685,-77.43292700024502,3
37.58154900030728,-77.4694859996709,3
37.58637500015606,-77.47261399996553,4
37.58802700006818,-77.46989400009991,3
37.59323899994647,-121.33617300031844,3
37.60165900026993,-97.3228320000062,3
37.6097300003314,-88.99464999977,3
37.61288900007389,-97.32735500039374,3
37.6272169997772,-122.43063099982776,3
37.65692399974411,-77.61036000015588,3
37.65737500020529,-77.45042800016981,4
37.69006400006505,-122.1369089996012,3
37.6907689998028,-122.08822500040772,3
37.701134000349825,-121.92258400017856,4
37.73005899975771,-81.19593599997098,3
37.74185800023698,-121.5758069998086,3
37.74272499981656,-121.56145699974468,4
37.76136800024531,-97.321923999985,3
37.767053000061495,-121.33161099957286,4
37.775291000191224,-121.32025499990928,3
37.796868999705254,-79.39383200029907,3
37.79954000024251,-122.27714899970138,3
37.82431400015102,-122.26800599974024,4
37.82769600007366,-122.2915590000398,4
37.83057899990128,-122.2933349998992,3
37.83104800018349,-122.29329700026436,3
37.88397300035308,-122.30847499998356,3
37.88963199964785,-122.30830400027934,4
38.05066000029563,-122.130703000139,3
38.058582999948584,-84.43394199992099,3
38.0913889998836,-122.2303810001094,4
38.11491999965375,-84.52088500002843,3
38.11800099995343,-79.0507840000983,3
38.169559000032024,-87.46973899999512,4
38.19024900029043,-85.72912600024802,4
38.21702900017706,-122.13715499964852,3
38.2226299999349,-85.50549300010944,4
38.23765799970587,-85.62323600006926,4
38.2578439999487,-85.7415990001702,4
38.26100800017405,-85.72784999998079,3
38.27089000028374,-88.93200999979955,4
38.275096000324666,-85.81262100039369,3
38.28092699967175,-88.93807600041802,3
38.28866900010546,-85.64612400002186,3
38.299699999655914,-85.84745199964073,3
38.30161899974131,-85.85609599983461,3
38.30257800032409,-85.85051600036125,3
38.314865999891154,-85.5816110001076,4
38.3288860000975,-88.95538700037201,3
38.345610999760176,-85.75399699974928,3
38.35875200011822,-81.63210099995437,3
38.373202000090465,-121.95316800012088,3
38.37338300012052,-81.60636900028759,3
38.41491800027853,-96.23759299972772,3
38.50341199992525,-90.33874199959652,4
38.54853400004409,-90.42681799985604,4
38.56827099982932,-121.51082699991412,4
38.57490699969402,-121.57233100025776,3
38.57546399995136,-121.56456999997071,4
38.577329999931315,-112.60316800027456,3
38.61024500008775,-90.21036500022144,3
38.61872000021294,-90.0683600001325,4
38.61936200009171,-90.18773099981374,3
38.62018399972691,-90.1890720003783,3
38.620277000275806,-90.19046300027324,4
38.62487499981392,-121.51697700019818,4
38.62969499969094,-90.34384099974424,4
38.63235700008603,-90.14857700019571,3
38.63806100012035,-90.44961499957203,4
38.6728100002944,-90.02946000005937,4
38.72891399965937,-90.3324969997762,4
38.74276999986571,-89.909609999804,3
38.74844200001099,-90.43952000010708,4
38.752039999842935,-89.9070599998177,4
38.75259999969183,-89.89602399982124,3
38.75704000005813,-90.04353999978656,3
38.77639600034288,-90.34448000015192,3
38.7917469996842,-77.17414900014172,4
38.79540400020054,-77.0143689995933,3
38.8063059997481,-90.83921199998,3
38.84814600015358,-121.93987599986598,4
38.85500399992805,-121.9469619997603,3
38.87453699998834,-97.64544000013342,3
38.87644400012004,-84.62486799992821,3
38.882525999653424,-77.0159660002509,3
38.88579000019585,-77.22013799958395,4
38.93316899986502,-94.52950499963882,3
38.939049999740206,-94.5429290001382,3
38.939210000158624,-94.74760900035768,4
38.9453840000131,-76.85817199962418,4
38.98422499988324,-76.57095600023216,3
38.99150399976069,-95.69240099994842,3
39.00790500024517,-78.30126399955368,3
39.00964799975149,-77.15127000040997,3
39.017549000121875,-77.10283599966507,3
39.02048600026315,-76.95024999986435,4
39.022431000248915,-76.93966199958156,3
39.03028900025414,-76.94715300043019,3
39.031088999714434,-95.5834469999474,3
39.03482399966806,-84.59923800036867,4
39.03672900033145,-77.14469300032863,3
39.04028999973972,-94.67286700018585,3
39.04171500021533,-94.3623479998412,4
39.047981000289774,-84.45901199961388,3
39.05349799998005,-95.7788269998469,3
39.05918900007893,-94.49052300044822,4
39.09204800015303,-94.63501300022617,3
39.09581600023931,-84.52206900023415,3
39.09604400003463,-94.5644510003102,3
39.09618199980944,-94.59147199976468,4
39.09949700031355,-94.62247599983156,4
39.10056000009849,-88.57475999967286,3
39.104889999772965,-94.67905299955656,4
39.10657500029445,-94.81129299989344,4
39.10680500003576,-94.59130400043352,3
39.106914999919525,-94.56989600006432,3
39.10905400012263,-84.50213999962347,3
39.113666000266086,-94.61565199987804,3
39.121451999733935,-77.1980129998876,4
39.14832000015592,-88.51237999999341,3
39.14900300007993,-84.53994099987972,3
39.16685100021045,-94.55899499978707,3
39.19261600001494,-94.61712999981162,3
39.20643299990375,-94.49169500006006,4
39.21431200032743,-84.68203300000728,3
39.21642399969455,-84.73118400007934,3
39.23307799979623,-76.66703899992773,3
39.23563899992584,-76.7096029998727,4
39.25018499991607,-76.67910699979393,4
39.26748199996639,-76.62548099991324,3
39.27097600022398,-84.35110000042673,4
39.27271600026398,-76.55420400031993,4
39.27345199979021,-76.62115599989241,3
39.290292000238374,-84.44163399971275,4
39.305782000173245,-76.74379899980832,4
39.31827599984106,-76.53322600012105,3
39.31886399979194,-94.69471999989564,3
39.34222200028863,-94.74172100001442,3
39.3506349997124,-76.49526300038141,4
39.37452700031925,-76.74560099960702,3
39.39791399979017,-77.4241049997759,3
39.41156400011013,-76.66360100001168,3
39.41977800014941,-76.64016300023819,3
39.53713699996226,-119.78783599956732,4
39.578526000290786,-79.97596199962092,3
39.614111999695055,-84.23266600018066,3
39.61685599965981,-77.78565599963399,4
39.629782000233035,-104.90496099992612,3
39.698267999951554,-75.61018299958471,3
39.70388000028558,-86.10823199955924,4
39.70553499973973,-75.58782699990967,3
39.707009999762995,-94.78849600017742,3
39.70906499966182,-78.18586999973874,3
39.71281099995966,-86.26429700018221,4
39.73201199974102,-86.04445599996197,4
39.74347999982096,-89.63539000039088,3
39.75128999965706,-91.2904500001006,3
39.75508399994889,-86.1436550002566,3
39.77262900002545,-104.829796000155,3
39.77481499993635,-86.14223800042238,3
39.77662199966884,-104.87604200041348,3
39.77835199970522,-104.89680100032923,4
39.78013500009773,-104.9893570004203,4
39.78647300006059,-105.07846999967414,3
39.79886499975199,-86.03495499980052,4
39.80177000026948,-89.59501999988177,3
39.80510299994254,-86.27519199971336,3
39.8133210000065,-75.45409699994367,3
39.81770599974742,-104.9828310003926,4
39.82368900020376,-104.96410699990405,4
39.86370599965979,-86.27424900043036,4
39.865386999674115,-84.18883900038725,4
39.86763800007366,-75.34312699988375,3
39.86782699980253,-83.98660000037414,3
39.874497999717065,-75.10209099972965,3
39.88616199968342,-94.85838500024884,3
39.89223799971444,-83.03890800009441,4
39.8947219996951,-86.05414299989627,3
39.89820799970187,-75.10911899989769,3
39.901680000324035,-75.11100699991012,4
39.90292299991541,-75.11566300036705,3
39.928906000111425,-86.26436499995427,3
39.931116999788856,-86.3391139997988,3
39.93401700033113,-82.85221199967344,4
39.94808599994728,-75.14177499997544,3
39.95133600027293,-83.01392700008996,3
39.95414900014726,-75.1410259999629,3
39.95448399977076,-82.98567399985085,3
39.95739399976651,-75.14713900043704,3
39.9616009996721,-75.18263500003103,3
39.9646969996638,-75.13751600007684,3
39.96830900020392,-83.06487599976276,3
39.97174400028549,-82.9835790001492,4
39.97648599987512,-83.11905999986027,4
39.98529399978392,-78.24367099985245,4
39.99826399985548,-81.5559629998647,4
40.01033999992255,-82.89974599989475,3
40.048960000208815,-80.6635739995909,3
40.06450200011983,-75.3212990002883,4
40.06900599987796,-80.84828300026523,3
40.0917350001617,-75.40909799964008,3
40.11041799985276,-82.97767099971449,4
40.11987700002478,-88.30487600015124,3
40.14599000027875,-88.28380000004307,4
40.16227300013126,-80.19346600029019,3
40.172940000269286,-89.41676000014057,3
40.183637000007344,-74.72204499971187,3
40.188500000022245,-80.2465220002585,3
40.19361300024185,-74.60067899988809,4
40.21172599973532,-76.87914200032544,4
40.214948000030816,-76.78689699968069,3
40.21939899998683,-79.60218399988798,4
40.25495099982116,-76.8104759999195,3
40.30868299974667,-76.83424599995404,3
40.423341000029,-80.10588700014812,4
40.42426399982096,-76.52623700031108,3
40.438706000253056,-79.75080200004327,3
40.43945299977202,-80.01016199975453,3
40.44370699968652,-89.0213399996867,3
40.45840699975913,-79.99864899973208,3
40.52824299991404,-74.33666500026804,3
40.53175500006878,-89.02715000021213,3
40.53893000027821,-89.00308999974939,3
40.589083999926096,-80.0982549997325,3
40.62067999972442,-89.48411000009631,3
40.63140900004104,-89.51454300042587,3
40.63619999994517,-111.90463300028604,4
40.64106499981025,-74.20576700032066,4
40.642535999886285,-74.64498500025563,4
40.66085700014899,-80.0906459997814,4
40.67565400014415,-74.00084199987879,3
40.70636199999565,-74.15126299965767,4
40.71242599982739,-111.81927900044028,3
40.7131969999563,-74.1410629997124,3
40.71849899982645,-111.90430900042097,3
40.73433499974944,-73.92245699975152,4
40.74304299998004,-89.67524100014293,3
40.743262999900814,-73.83757699955866,4
40.74416000030248,-73.77142699970219,4
40.75291199975728,-74.11868100009808,3
40.76437499984601,-111.91349300039,3
40.765410999820496,-111.95038800027486,4
40.801620999707026,-73.91688499977576,3
40.81914599977486,-96.70874200001734,3
40.81944600000918,-73.81037600017912,3
40.82001700025955,-73.89037099958615,3
40.822388000058666,-73.8871429997324,4
40.8289359997811,-73.83698400008005,4
40.82898700011054,-73.83655300008482,4
40.829018000238285,-73.836219000174,3
40.8290880001007,-73.83704799965416,4
40.82930200007636,-73.84787199993852,3
40.83548000021817,-111.9153810004024,4
40.83611199969839,-73.82451799983059,3
40.837414999901945,-73.88059199959035,3
40.839835999960414,-74.01803999985488,3
40.84183900020957,-111.9152259996934,3
40.84498399992436,-73.92665100025111,4
40.8592849997978,-74.36714799992802,3
40.86200799994276,-96.71600500036205,3
40.86407600004338,-74.41677299965298,4
40.86427300018006,-74.01041400018536,3
40.94448099971975,-77.72054199984521,3
40.954232999871714,-80.63771600042573,3
40.96032399980162,-85.29157399966931,3
40.96052899968931,-80.63942299978986,3
40.97050499990043,-111.43849899958025,3
40.98730400023438,-73.67007300032975,3
41.02540400019697,-81.50133000022862,3
41.02554899993232,-73.73163500039969,3
41.02649800002478,-102.15526899973156,3
41.03059999986731,-81.89036100002382,3
41.03553799981375,-81.56553199979824,3
41.045242999822406,-76.01383799997853,4
41.04963499970396,-76.84016899955905,3
41.05650299987754,-73.83519999982471,3
41.059942000197424,-81.56562600040789,3
41.06704800014731,-75.38708699974654,3
41.10991500020732,-80.83782200020404,4
41.11372399972429,-104.85080299976788,4
41.117981999738504,-74.15621899969028,3
41.11890000015866,-104.80496999996124,3
41.12464000033647,-80.74988700040981,3
41.15948900023259,-81.78576999967851,3
41.16852799983587,-85.10405799998905,3
41.184625000335174,-80.4436789998423,4
41.18498700013709,-112.01107599976046,3
41.19803199997135,-80.15979199968805,4
41.223724000271815,-96.08774100003632,3
41.226334999923736,-95.95287999956804,3
41.228194000088955,-95.83964599975208,3
41.2288629996651,-81.62740900041074,4
41.23316800012482,-95.89761300044546,3
41.252834999949975,-81.58616600004052,4
41.25590000024467,-81.37135500037104,3
41.26192499982729,-95.90812899985993,3
41.275706999848495,-81.63637800029464,4
41.30075500021372,-72.91434999979765,3
41.33287099989936,-81.81676899972251,4
41.352242000244246,-81.51199999962886,4
41.35440300024873,-95.90040299973298,3
41.35722199972746,-81.51387799959554,3
41.36778000023217,-89.05907900001866,4
41.37277100023874,-75.57399300022976,3
41.37450099985766,-72.19483099976247,3
41.379221000007334,-81.9949359995773,4
41.3793639999055,-82.00861500034479,3
41.38709100012015,-82.177650999934,3
41.38936200032538,-82.1614039996368,4
41.390377999798176,-73.59796099961186,4
41.400099999743645,-89.38433000001864,3
41.40061499984032,-81.50799500017348,3
41.40721499998882,-81.64683500015786,4
41.42061999972316,-81.818872999645,4
41.4219600000319,-75.60888200010143,3
41.42449300015246,-81.53263999971894,3
41.42901200033023,-81.50632399989603,4
41.436011000294975,-81.49923700017678,3
41.44018000005017,-90.32997000025443,4
41.45785999975962,-90.49529000009322,3
41.4741120001913,-81.69712600005471,3
41.47419299974595,-81.69312300024916,4
41.47419600027594,-81.69302799981459,4
41.47758000017264,-81.69324000042502,3
41.47984299993841,-81.66166700027064,4
41.48620999989959,-88.19729999962642,4
41.49403599969105,-95.9011729996619,3
41.4963470002049,-81.67745599991011,3
41.49885599996175,-95.58499600002614,3
41.51468100016521,-74.07348199977797,4
41.52557499970697,-83.62136499965442,3
41.52572800002168,-83.46303699999864,3
41.53591000027518,-90.34178000037778,3
41.53738200022867,-72.7621160003494,3
41.53840599973245,-87.95980100002089,3
41.56090099981802,-72.91664399969093,3
41.56541999997481,-87.74211999979964,4
41.56904599991772,-83.5811690001209,4
41.56905699985949,-87.30050099984126,4
41.57762900009031,-87.5656950003674,3
41.577992999936654,-87.66812699964034,3
41.58301999976657,-87.24017900005354,3
41.589988999810814,-87.22390300034237,4
41.590750000042725,-81.44796999958837,4
41.59185999999858,-83.6914129997345,4
41.59220999978533,-93.77729899956374,4
41.59488299979685,-81.44617700001052,3
41.59621299996482,-90.52531300034396,3
41.59788300001994,-87.30630999964347,3
41.60352299971463,-90.67614199965357,3
41.61833499998083,-87.68714499985676,4
41.65212600023751,-93.57563500038422,4
41.67829300003833,-83.57240100007846,3
41.690684999988115,-83.51307500017548,3
41.69434700020945,-91.63824300044678,3
41.70422499977643,-88.03088199979561,4
41.704225999749,-112.19231800020644,3
41.705169999785326,-71.47276199974098,3
41.72061000009482,-87.62411999992186,3
41.73552899980958,-85.00017399982346,4
41.760779999732584,-87.89212999967478,4
41.76960999986925,-72.66802500042333,4
41.77220099976845,-72.59751100018795,3
41.77754500027692,-87.62964500004193,3
41.78865200027379,-72.56392299979957,3
41.8098609999608,-88.04981399979833,4
41.81324000007,-71.40723600022356,3
41.81805900005989,-72.66413899989534,3
41.847129999681265,-87.64152999961004,4
41.86935000008768,-87.91692999992924,4
41.873920000169946,-87.90427200005914,3
41.87568999997709,-87.64525999960412,3
41.87776999983994,-87.9188000003983,4
41.90496999986448,-89.02082000000301,4
41.95518399993593,-71.30396399980317,3
41.96160099974526,-87.74347700025771,3
41.96592999978588,-88.02555000001938,3
41.98317999986491,-87.8698069996117,4
41.98377600027327,-87.84677100041941,3
41.990219999723635,-87.86748000010645,4
41.99221899974962,-83.32688099989488,3
42.02659000030858,-71.25654500010795,4
42.031852000251874,-80.12218700014873,4
42.05744000029644,-88.0281000000057,3
42.09799199985832,-75.81706999965884,3
42.10424399981091,-72.59841800038424,3
42.13023499982591,-72.05735999993173,3
42.13203899977483,-72.60846299962051,3
42.1344610000853,-86.36800100042272,3
42.13908200026925,-75.90204000026336,3
42.15077999994841,-87.87344999956714,4
42.15312500004948,-72.64775600005403,4
42.153504000180824,-79.89217100009758,3
42.15833999996159,-87.87411999993697,3
42.16199200032374,-72.54719400035185,3
42.2074279999485,-71.14008500008805,3
42.22199099970186,-83.41226599970278,4
42.24908399976899,-88.96156699989498,3
42.26702800028115,-71.5640819997478,4
42.26811300016598,-85.17852200032652,4
42.28306799992293,-71.7977130001653,3
42.29025599980544,-71.79042999972917,3
42.29160900014355,-71.79841899962183,3
42.29719600005753,-84.99654299956359,4
42.31867599997475,-83.08246799992413,3
42.34035999978667,-71.26191200004428,4
42.344526000327505,-83.0439620000363,3
42.35005700005915,-83.0992490001487,4
42.36279300030301,-71.58976699955892,3
42.36849700001736,-83.05791899973981,4
42.383551000286,-77.37283300006294,3
42.39117100005367,-83.43400299995996,3
42.44629599998001,-96.37536800023038,3
42.476515999887184,-83.11155800003932,4
42.48498099986053,-83.43191800030402,3
42.495163999817706,-82.91695200026675,3
42.502102000046534,-71.11863800025911,4
42.52758399993057,-88.97516700012147,3
42.570306999806064,-113.51736199967928,3
42.61237199998572,-83.22745399999461,3
42.63319499978832,-73.78159700040854,3
42.66405500024991,-71.19410699980388,4
42.66724100005481,-73.73311199961005,4
42.67489800016655,-84.49513499991997,3
42.68951700003992,-84.66761199979825,3
42.69500100009153,-73.83861199980147,3
42.700448000032424,-73.84496100027717,3
42.712026999973865,-84.66942399964269,3
42.753918999958096,-73.93362900019042,3
42.77418700004384,-84.66972699959138,3
42.78779200026126,-84.6599490003188,3
42.790455999745525,-74.01608999991818,3
42.79731899996018,-84.6908699996467,3
42.84292900002685,-74.01727199957575,3
42.86564000027631,-70.89148699983855,3
42.874656999688305,-78.78814899977931,3
42.90431799972123,-81.23372399980842,3
42.9062879999778,-78.90121699991394,3
42.91207400023708,-112.4394510000428,3
42.91937100006357,-83.6779869995853,3
42.94979199972046,-78.7626630001598,3
42.95515200015881,-71.40390700008749,3
42.96161199978489,-71.41804399971608,3
42.962216000265094,-87.9364989997915,3
42.96234999988356,-88.03636099988495,3
42.972603000179525,-82.48776600004756,4
42.97294499993902,-85.6782379997763,4
42.974169999933814,-71.41350899963295,3
42.97479500000043,-85.59966699987618,3
42.98475099996465,-83.7330989997955,4
42.98704600024008,-78.91475799969088,3
42.99746400031308,-78.80817499957607,3
43.007157000145625,-76.13390400014397,3
43.008811000237266,-77.4393749995566,3
43.01025400024825,-83.6793180001041,4
43.016198999723805,-85.68079899963328,3
43.026510999827906,-88.036548000381,3
43.02876699995067,-77.96462900030104,3
43.035312000278,-87.92385400034019,4
43.04780300029666,-77.6479859996116,4
43.05121199972595,-76.14503899987463,4
43.05652499995604,-71.47110600043047,3
43.0631360000687,-76.05185500014485,3
43.09294899974066,-76.1637919997772,4
43.094403999730254,-76.05346600014782,4
43.097755999828294,-83.76301599974104,3
43.10399000029284,-89.28235499978186,3
43.106428999797565,-79.11998600008143,3
43.10738500025547,-77.5998430000182,3
43.1114480000729,-76.26462700018915,4
43.11756600029515,-80.71210500042014,3
43.141603999934496,-76.11230400015415,3
43.14396800010218,-77.55125500018586,3
43.15296900019125,-79.15340200004239,3
43.15643699992313,-77.67892399955626,4
43.17057100029611,-71.53021499970015,3
43.177474000133216,-79.28491599993292,3
43.21647400029474,-71.53368799977629,3
43.23217899971186,-79.95055600036738,3
43.248492999916955,-79.7611409999057,3
43.333197999947295,-79.83757699992121,3
43.33625199975994,-79.82892100003177,3
43.4378059997934,-83.89066499991827,3
43.48011800014857,-70.49976999961459,3
43.48430700029581,-89.49205399978315,3
43.48665999980668,-96.79477999957832,3
43.49845400031049,-83.9297890002974,3
43.49937800028895,-79.67339600008229,3
43.51187399983484,-70.4322690000461,3
43.52748500027387,-70.45284100036412,3
43.52798500018794,-79.72514900001919,4
43.58825999980556,-79.81023400025144,4
43.59703300009526,-116.2945759996438,3
43.60503099972466,-70.37230399973545,3
43.60657899986703,-96.69061299955553,3
43.61262999983374,-96.77007099956046,4
43.61407999998854,-79.55055499979966,3
43.623654999712585,-70.35290899995047,3
43.630032999955205,-70.31495999955625,3
43.63878800010878,-70.29428100000642,3
43.6392959998642,-79.66016699957659,4
43.6399620003238,-72.33831799998298,4
43.66174799972834,-70.27012900038046,4
43.66765400006147,-79.57318199963635,3
43.66888899978141,-79.69982700043123,4
43.67203099986926,-79.58227600009202,4
43.677094000079464,-79.5774099995728,3
43.67952199998326,-70.25621500033463,3
43.68366800025098,-93.32092500038382,4
43.68571999995809,-70.25231100026328,3
43.69707499970101,-79.60692499983543,4
43.70532899994223,-79.55725499990461,3
43.716429999816505,-79.51823299963274,3
43.72161800000261,-70.30496499965035,3
43.731286000190615,-70.23148100020242,3
43.73217400027908,-70.30243999977841,3
43.754539999714765,-79.6314229999661,4
43.76753800027961,-79.3372039996221,4
43.783014000286975,-79.53711100010709,4
43.838904000173,-79.36792999985464,4
43.90284599978333,-78.62552399969178,3
43.91774199988937,-70.02033199985664,3
43.983214999802165,-90.44046199956512,3
44.06233300021402,-123.04909400041632,3
44.105066000076505,-103.23223700008502,4
44.10582000026084,-103.241978000446,3
44.217955999821946,-69.82391500006455,3
44.37156600031051,-106.6890299997459,3
44.39657600017027,-72.01756799973093,3
44.45142200002545,-73.18121899990085,3
44.73672400007056,-93.28321100016622,3
44.75430799973853,-75.47837400014141,3
44.78687599996258,-68.80820900020532,4
44.86189800021812,-93.29835799992328,4
44.86291100014103,-93.14518499959338,4
44.94852399999415,-92.9590899999453,4
44.949908999972344,-93.10155899964144,4
44.951324999757816,-93.0983609999249,3
44.95303599974704,-93.09497499988744,3
44.96554299999427,-93.26788600013396,4
44.970838000159134,-93.46036000039494,3
44.9749869998077,-93.28760399995912,4
45.03523599996769,-93.0839620003555,3
45.03683899984289,-93.06802700022784,3
45.067115999790055,-93.18584499963242,4
45.06945700002707,-93.28585700041202,3
45.090537999955615,-93.44173999966348,3
45.22293199985974,-93.02779900000894,3
45.29490499982945,-73.99431300037637,3
45.29509299969319,-72.1286750000582,3
45.34459899988527,-75.81097600034958,3
45.355174000241576,-73.51988099998142,4
45.35929199985541,-74.04760600017114,4
45.3684959999424,-122.7584059998748,3
45.36850700012624,-73.62487499983455,3
45.37287299979496,-73.50021900023273,3
45.37488699998237,-73.51948400032137,4
45.40069600010097,-74.05609600037923,3
45.409236999734816,-73.31509100015708,3
45.42032299981264,-71.97240699994396,3
45.42201999980636,-75.62463399993098,3
45.43938100021302,-75.71279999970388,3
45.43956199992861,-71.95669100009944,3
45.44099099977056,-75.72460599962928,4
45.4436840000442,-73.42845999969228,4
45.4472179998125,-73.74037400012982,3
45.44782999968936,-73.69299300006941,3
45.448504999777114,-75.71807299992888,3
45.449228000196605,-73.78028099995834,3
45.46647300027072,-73.49422999960717,4
45.46807299969387,-73.60010600044055,4
45.47055199975401,-73.54499599988016,3
45.4734380000068,-73.70788100025868,4
45.49013099974383,-73.73570400032749,4
45.49499699985037,-73.6789819999392,3
45.49980600013925,-73.5636009996447,4
45.50265799981151,-73.66578400029393,3
45.50507999973406,-122.67403299984514,3
45.524022999929734,-73.6524190002441,3
45.525230999964805,-122.6654690000172,4
45.52869300017848,-122.66537799978062,3
45.532731000233696,-122.564791999789,4
45.5487969997347,-122.6787529998762,3
45.55451400030401,-73.80881399968163,3
45.554753000092035,-73.62098400018199,3
45.57035999974509,-73.59965000033095,3
45.57383999994444,-73.37125699997836,4
45.57593000010861,-73.75077800028959,4
45.578524999780306,-73.4761870002574,3
45.599322999860206,-73.862818999679,3
45.60493599990743,-73.69763500028265,4
45.605091999913135,-73.5652679997242,4
45.617782000085704,-73.6686820004348,3
45.62727599995858,-73.839985999978,4
45.657495000124456,-73.6459149999577,3
45.71960300020625,-73.61500200012742,4
45.71986300026789,-73.97039600002876,4
45.72428600011829,-122.65463800006016,3
45.72612899973314,-73.49775399973691,4
45.78946400013395,-74.02028699989249,3
45.79517199997997,-119.39368600043125,3
45.82463600009502,-108.39861500003497,3
45.83383000007082,-119.62410099979223,4
45.835128999755305,-119.63175999997203,3
45.84042100023513,-119.66824200030332,3
45.87701799977807,-72.55393999958926,3
45.91819799970322,-119.32088699962507,4
45.92023600022298,-73.32594399985543,3
45.97978499999032,-112.4801370000211,4
45.98115099984817,-112.48840600029628,3
46.00437999993526,-112.57340899961444,3
46.00804699979178,-112.6380839999104,3
46.09748199993603,-72.2401570003042,4
46.15496699997513,-67.60903700032706,3
46.24401599989291,-119.3623550001262,3
46.288003000139994,-72.5279280004383,4
46.32479999989848,-72.5912629999946,3
46.345825999970856,-72.62412599976159,3
46.723679999993024,-71.28058100028124,4
46.761850999838,-71.29804399967288,4
46.76585000002378,-92.12223499965609,3
46.78211400001993,-71.33939099980019,4
46.789202000096395,-71.31347300036056,4
46.7941629998942,-71.288533000364,4
46.80987300015146,-71.33661999988092,3
46.82128999997352,-100.84490199966244,3
46.82440999999613,-71.29831499983455,4
46.84728700021238,-96.84072500043624,4
46.86889900013513,-71.15925499974213,3
46.97026099991543,-120.51074099964,3
47.23331599976008,-122.43210200008868,3
47.46165200004489,-122.26362100034324,4
47.48507300018991,-111.34478400029614,3
47.580242999824485,-122.17425100027314,4
47.593704000275366,-122.32059499972829,4
47.83161599972187,-122.26199799974638,4
48.41850599987856,-123.3656159998336,3
48.48677100006812,-123.38462900002716,3
48.97767499982719,-123.80220599996444,3
49.03335499993049,-122.26623200042891,3
49.090559000066975,-122.95945400000949,3
49.09230600006905,-122.89399299989108,3
49.1077690001639,-123.05553800042829,3
49.11022200025469,-123.9016110001234,3
49.12468999976301,-123.916480999871,3
49.139105000169934,-102.99147100026768,3
49.17705299998145,-123.09623699992704,3
49.17722700009388,-122.9576520002108,3
49.2628669999963,-123.0994029998565,3
49.2629079998183,-123.10088800036114,3
49.263590000111336,-123.13856300022064,3
49.26478299974399,-123.026148999664,3
49.28114499986319,-123.0317659998456,3
49.281825999744896,-123.11713899995794,3
49.33761299971442,-123.1346800000657,3
49.361073000233,-123.27110300013317,3
49.36162900008015,-121.36177799976366,3
49.37309699976664,-121.4417310002362,3
49.43423500024185,-123.4791119995904,3
49.70055100014079,-112.77867600036306,3
49.711826999820275,-113.44284700018648,3
49.88050200027008,-97.32552500010765,3
49.88939899979716,-119.4204929996255,3
